{
  "bitstream": "/home/xilinx/jupyter_notebooks/APUdma/dma/overlay/apu_dma.bit",
  "clock_mhz": 50.0,
  "cpu_percent_mean": 5.8267880492760735,
  "hardware_mbps_mean": 396.9463827868054,
  "iterations": 5,
  "job_bytes": 34078752,
  "passes_200mbps_wall": true,
  "passes_cpu_10percent": true,
  "profile_dma_wait_cpu_seconds_mean": 0.003335080399999768,
  "profile_dma_wait_wall_seconds_mean": 0.08758149780014719,
  "profile_invalidate_parse_cpu_seconds_mean": 0.0006115625999996155,
  "profile_invalidate_parse_wall_seconds_mean": 0.0006016424000335974,
  "profile_rx_allocate_cpu_seconds_mean": 0.0,
  "profile_rx_allocate_wall_seconds_mean": 0.0,
  "profile_rx_flush_cpu_seconds_mean": 0.00013257479999957412,
  "profile_rx_flush_wall_seconds_mean": 0.00012820139982068214,
  "profile_rx_zero_cpu_seconds_mean": 0.00015925400000043054,
  "profile_rx_zero_wall_seconds_mean": 0.00015743040003144416,
  "profile_tx_flush_cpu_seconds_mean": 0.00016190220000069643,
  "profile_tx_flush_wall_seconds_mean": 0.00015645679995941465,
  "repeats": 256,
  "schema_version": 1,
  "wait_mode": "interrupt",
  "wall_mbps_mean": 380.8254879117875,
  "wall_mbps_p50": 380.9579639412263
}
