{
  "cpu_percent_mean": 100.63846596317967,
  "first_apu_raw_sha256": "05c920d6b095981ce7c89d1c67490586b8feb122470cc66b93e8fda231b3d6d2",
  "latency_ms_mean": 2519.321571400087,
  "latency_ms_p50": 2493.7944685000275,
  "latency_ms_p95": 2637.036855550082,
  "samples": 10,
  "schema_version": 1,
  "start_index": 0,
  "top1_percent": 10.0,
  "top5_percent": 100.0,
  "transport": "legacy_mmio_ahb",
  "warmup": 1
}
